DeathCOD39ICDCode39Desc,DeathAgeGroupNCHSAgeNCHS,Deaths,Population,SORT
Tuberculosis (A16-A19),< 1,0,147922,0
Syphilis (A50-A53),< 1,0,147922,2
Human immunodeficiency virus (HIV) disease (B20-B24),< 1,0,147922,4
Malignant neoplasm of stomach (C16),< 1,0,147922,6
Malignant neoplasms of colon rectum and anus (C18-C21),< 1,0,147922,8
Malignant neoplasm of pancreas (C25),< 1,0,147922,10
Malignant neoplasms of trachea bronchus and lung (C33-C34),< 1,0,147922,12
Malignant neoplasm of breast (C50),< 1,0,147922,14
Malignant neoplasms of cervix uteri corpus uteri and ovary (C53-C56),< 1,0,147922,16
Malignant neoplasm of prostate (C61),< 1,0,147922,18
Malignant neoplasms of urinary tract (C64-C68),< 1,0,147922,20
Non-Hodgkin’s lymphoma (C82-C85),< 1,0,147922,22
Leukemia (C91-C95),< 1,0,147922,24
Other malignant neoplasms (C00-C15C17C22-C24C26-C32C37-C49C51-C52C57-C60C62-C63C69-C81C88C90C96-C97),< 1,2,147922,26
Diabetes mellitus (E10-E14),< 1,0,147922,28
Alzheimer’s disease (G30),< 1,0,147922,30
Hypertensive heart disease with or without renal disease (I11I13),< 1,0,147922,32
Ischemic heart diseases (I20-I25),< 1,1,147922,34
Other diseases of heart (I00-I09I26-I51),< 1,8,147922,36
Essential (primary) hypertension and hypertensive renal disease (I10I12),< 1,0,147922,38
Cerebrovascular diseases (I60-I69),< 1,4,147922,40
Atherosclerosis (I70),< 1,0,147922,42
Other diseases of circulatory system (I71-I78),< 1,0,147922,44
Influenza and pneumonia (J09-J18),< 1,6,147922,46
Chronic lower respiratory diseases (J40-J47),< 1,1,147922,48
Peptic ulcer (K25-K28),< 1,0,147922,50
Chronic liver disease and cirrhosis (K70K73-K74),< 1,0,147922,52
Nephritis nephrotic syndrome and nephrosis (N00-N07N17-N19N25-N27),< 1,5,147922,54
Pregnancy childbirth and the puerperium (O00-O99),< 1,0,147922,56
Certain conditions originating in the perinatal period (P00-P96),< 1,580,147922,58
Congenital malformations deformations and chromosomal abnormalities (Q00-Q99),< 1,220,147922,60
Sudden infant death syndrome (R95),< 1,88,147922,62
Symptoms signs and abnormal clinical and laboratory findings not elsewhere classified (excluding Sudden infant death syndrome) (R00-R94R96-R99),< 1,84,147922,64
All other diseases (Residual) (A00-A09A20-A49A54-B19B25-B99D00-E07E15-G25G31-H93I80-J06J20-J39J60-K22K29-K66K71-K72K75-M99N10-N15N20-N23N28-N98U049U070U071),< 1,81,147922,66
Motor vehicle accidents (V02-V04V09.0V09.2V12-V14V19.0-V19.2V19.4-V19.6V20-V79V80.3-V80.5V81.0-V81.1V82.0-V82.1V83-V86V87.0-V87.8V88.0-V88.8V89.0V89.2),< 1,4,147922,68
All other and unspecified accidents and adverse effects (V01V05-V06V09.1V09.3-V09.9V10-V11V15-V18V19.3V19.8-V19.9V80.0-V80.2V80.6-V80.9V81.2-V81.9V82.2-V82.9V87.9V88.9V89.1V89.3V89.9V90-X59Y40-Y86Y88),< 1,63,147922,70
Intentional self-harm (suicide) (*U03X60-X84Y87.0),< 1,0,147922,72
Assault (homicide) (*U01-*U02X85-Y09Y87.1),< 1,11,147922,74
All other external causes (Y10-Y36Y87.2Y89),< 1,5,147922,76
Tuberculosis (A16-A19),1-4,0,580087,80
Syphilis (A50-A53),1-4,0,580087,82
Human immunodeficiency virus (HIV) disease (B20-B24),1-4,0,580087,84
Malignant neoplasm of stomach (C16),1-4,0,580087,86
Malignant neoplasms of colon rectum and anus (C18-C21),1-4,0,580087,88
Malignant neoplasm of pancreas (C25),1-4,0,580087,90
Malignant neoplasms of trachea bronchus and lung (C33-C34),1-4,0,580087,92
Malignant neoplasm of breast (C50),1-4,0,580087,94
Malignant neoplasms of cervix uteri corpus uteri and ovary (C53-C56),1-4,0,580087,96
Malignant neoplasm of prostate (C61),1-4,0,580087,98
Malignant neoplasms of urinary tract (C64-C68),1-4,0,580087,100
Non-Hodgkin’s lymphoma (C82-C85),1-4,0,580087,102
Leukemia (C91-C95),1-4,4,580087,104
Other malignant neoplasms (C00-C15C17C22-C24C26-C32C37-C49C51-C52C57-C60C62-C63C69-C81C88C90C96-C97),1-4,11,580087,106
Diabetes mellitus (E10-E14),1-4,0,580087,108
Alzheimer’s disease (G30),1-4,0,580087,110
Hypertensive heart disease with or without renal disease (I11I13),1-4,1,580087,112
Ischemic heart diseases (I20-I25),1-4,2,580087,114
Other diseases of heart (I00-I09I26-I51),1-4,10,580087,116
Essential (primary) hypertension and hypertensive renal disease (I10I12),1-4,0,580087,118
Cerebrovascular diseases (I60-I69),1-4,0,580087,120
Atherosclerosis (I70),1-4,0,580087,122
Other diseases of circulatory system (I71-I78),1-4,0,580087,124
Influenza and pneumonia (J09-J18),1-4,3,580087,126
Chronic lower respiratory diseases (J40-J47),1-4,4,580087,128
Peptic ulcer (K25-K28),1-4,0,580087,130
Chronic liver disease and cirrhosis (K70K73-K74),1-4,0,580087,132
Nephritis nephrotic syndrome and nephrosis (N00-N07N17-N19N25-N27),1-4,1,580087,134
Pregnancy childbirth and the puerperium (O00-O99),1-4,0,580087,136
Certain conditions originating in the perinatal period (P00-P96),1-4,3,580087,138
Congenital malformations deformations and chromosomal abnormalities (Q00-Q99),1-4,21,580087,140
Sudden infant death syndrome (R95),1-4,0,580087,142
Symptoms signs and abnormal clinical and laboratory findings not elsewhere classified (excluding Sudden infant death syndrome) (R00-R94R96-R99),1-4,11,580087,144
All other diseases (Residual) (A00-A09A20-A49A54-B19B25-B99D00-E07E15-G25G31-H93I80-J06J20-J39J60-K22K29-K66K71-K72K75-M99N10-N15N20-N23N28-N98U049U070U071),1-4,38,580087,146
Motor vehicle accidents (V02-V04V09.0V09.2V12-V14V19.0-V19.2V19.4-V19.6V20-V79V80.3-V80.5V81.0-V81.1V82.0-V82.1V83-V86V87.0-V87.8V88.0-V88.8V89.0V89.2),1-4,13,580087,148
All other and unspecified accidents and adverse effects (V01V05-V06V09.1V09.3-V09.9V10-V11V15-V18V19.3V19.8-V19.9V80.0-V80.2V80.6-V80.9V81.2-V81.9V82.2-V82.9V87.9V88.9V89.1V89.3V89.9V90-X59Y40-Y86Y88),1-4,38,580087,150
Intentional self-harm (suicide) (*U03X60-X84Y87.0),1-4,0,580087,152
Assault (homicide) (*U01-*U02X85-Y09Y87.1),1-4,25,580087,154
All other external causes (Y10-Y36Y87.2Y89),1-4,0,580087,156
Tuberculosis (A16-A19),5-14,0,1550154,160
Syphilis (A50-A53),5-14,0,1550154,162
Human immunodeficiency virus (HIV) disease (B20-B24),5-14,0,1550154,164
Malignant neoplasm of stomach (C16),5-14,0,1550154,166
Malignant neoplasms of colon rectum and anus (C18-C21),5-14,0,1550154,168
Malignant neoplasm of pancreas (C25),5-14,0,1550154,170
Malignant neoplasms of trachea bronchus and lung (C33-C34),5-14,0,1550154,172
Malignant neoplasm of breast (C50),5-14,0,1550154,174
Malignant neoplasms of cervix uteri corpus uteri and ovary (C53-C56),5-14,0,1550154,176
Malignant neoplasm of prostate (C61),5-14,0,1550154,178
Malignant neoplasms of urinary tract (C64-C68),5-14,0,1550154,180
Non-Hodgkin’s lymphoma (C82-C85),5-14,2,1550154,182
Leukemia (C91-C95),5-14,6,1550154,184
Other malignant neoplasms (C00-C15C17C22-C24C26-C32C37-C49C51-C52C57-C60C62-C63C69-C81C88C90C96-C97),5-14,21,1550154,186
Diabetes mellitus (E10-E14),5-14,0,1550154,188
Alzheimer’s disease (G30),5-14,0,1550154,190
Hypertensive heart disease with or without renal disease (I11I13),5-14,0,1550154,192
Ischemic heart diseases (I20-I25),5-14,1,1550154,194
Other diseases of heart (I00-I09I26-I51),5-14,6,1550154,196
Essential (primary) hypertension and hypertensive renal disease (I10I12),5-14,0,1550154,198
Cerebrovascular diseases (I60-I69),5-14,4,1550154,200
Atherosclerosis (I70),5-14,0,1550154,202
Other diseases of circulatory system (I71-I78),5-14,1,1550154,204
Influenza and pneumonia (J09-J18),5-14,2,1550154,206
Chronic lower respiratory diseases (J40-J47),5-14,5,1550154,208
Peptic ulcer (K25-K28),5-14,0,1550154,210
Chronic liver disease and cirrhosis (K70K73-K74),5-14,0,1550154,212
Nephritis nephrotic syndrome and nephrosis (N00-N07N17-N19N25-N27),5-14,0,1550154,214
Pregnancy childbirth and the puerperium (O00-O99),5-14,0,1550154,216
Certain conditions originating in the perinatal period (P00-P96),5-14,1,1550154,218
Congenital malformations deformations and chromosomal abnormalities (Q00-Q99),5-14,15,1550154,220
Sudden infant death syndrome (R95),5-14,0,1550154,222
Symptoms signs and abnormal clinical and laboratory findings not elsewhere classified (excluding Sudden infant death syndrome) (R00-R94R96-R99),5-14,7,1550154,224
All other diseases (Residual) (A00-A09A20-A49A54-B19B25-B99D00-E07E15-G25G31-H93I80-J06J20-J39J60-K22K29-K66K71-K72K75-M99N10-N15N20-N23N28-N98U049U070U071),5-14,46,1550154,226
Motor vehicle accidents (V02-V04V09.0V09.2V12-V14V19.0-V19.2V19.4-V19.6V20-V79V80.3-V80.5V81.0-V81.1V82.0-V82.1V83-V86V87.0-V87.8V88.0-V88.8V89.0V89.2),5-14,20,1550154,228
All other and unspecified accidents and adverse effects (V01V05-V06V09.1V09.3-V09.9V10-V11V15-V18V19.3V19.8-V19.9V80.0-V80.2V80.6-V80.9V81.2-V81.9V82.2-V82.9V87.9V88.9V89.1V89.3V89.9V90-X59Y40-Y86Y88),5-14,35,1550154,230
Intentional self-harm (suicide) (*U03X60-X84Y87.0),5-14,8,1550154,232
Assault (homicide) (*U01-*U02X85-Y09Y87.1),5-14,10,1550154,234
All other external causes (Y10-Y36Y87.2Y89),5-14,0,1550154,236
Tuberculosis (A16-A19),15-24,0,1593522,240
Syphilis (A50-A53),15-24,0,1593522,242
Human immunodeficiency virus (HIV) disease (B20-B24),15-24,4,1593522,244
Malignant neoplasm of stomach (C16),15-24,1,1593522,246
Malignant neoplasms of colon rectum and anus (C18-C21),15-24,1,1593522,248
Malignant neoplasm of pancreas (C25),15-24,0,1593522,250
Malignant neoplasms of trachea bronchus and lung (C33-C34),15-24,2,1593522,252
Malignant neoplasm of breast (C50),15-24,1,1593522,254
Malignant neoplasms of cervix uteri corpus uteri and ovary (C53-C56),15-24,2,1593522,256
Malignant neoplasm of prostate (C61),15-24,0,1593522,258
Malignant neoplasms of urinary tract (C64-C68),15-24,0,1593522,260
Non-Hodgkin’s lymphoma (C82-C85),15-24,2,1593522,262
Leukemia (C91-C95),15-24,17,1593522,264
Other malignant neoplasms (C00-C15C17C22-C24C26-C32C37-C49C51-C52C57-C60C62-C63C69-C81C88C90C96-C97),15-24,44,1593522,266
Diabetes mellitus (E10-E14),15-24,9,1593522,268
Alzheimer’s disease (G30),15-24,0,1593522,270
Hypertensive heart disease with or without renal disease (I11I13),15-24,3,1593522,272
Ischemic heart diseases (I20-I25),15-24,6,1593522,274
Other diseases of heart (I00-I09I26-I51),15-24,30,1593522,276
Essential (primary) hypertension and hypertensive renal disease (I10I12),15-24,0,1593522,278
Cerebrovascular diseases (I60-I69),15-24,10,1593522,280
Atherosclerosis (I70),15-24,0,1593522,282
Other diseases of circulatory system (I71-I78),15-24,2,1593522,284
Influenza and pneumonia (J09-J18),15-24,4,1593522,286
Chronic lower respiratory diseases (J40-J47),15-24,9,1593522,288
Peptic ulcer (K25-K28),15-24,1,1593522,290
Chronic liver disease and cirrhosis (K70K73-K74),15-24,1,1593522,292
Nephritis nephrotic syndrome and nephrosis (N00-N07N17-N19N25-N27),15-24,3,1593522,294
Pregnancy childbirth and the puerperium (O00-O99),15-24,9,1593522,296
Certain conditions originating in the perinatal period (P00-P96),15-24,0,1593522,298
Congenital malformations deformations and chromosomal abnormalities (Q00-Q99),15-24,16,1593522,300
Sudden infant death syndrome (R95),15-24,0,1593522,302
Symptoms signs and abnormal clinical and laboratory findings not elsewhere classified (excluding Sudden infant death syndrome) (R00-R94R96-R99),15-24,38,1593522,304
All other diseases (Residual) (A00-A09A20-A49A54-B19B25-B99D00-E07E15-G25G31-H93I80-J06J20-J39J60-K22K29-K66K71-K72K75-M99N10-N15N20-N23N28-N98U049U070U071),15-24,107,1593522,306
Motor vehicle accidents (V02-V04V09.0V09.2V12-V14V19.0-V19.2V19.4-V19.6V20-V79V80.3-V80.5V81.0-V81.1V82.0-V82.1V83-V86V87.0-V87.8V88.0-V88.8V89.0V89.2),15-24,312,1593522,308
All other and unspecified accidents and adverse effects (V01V05-V06V09.1V09.3-V09.9V10-V11V15-V18V19.3V19.8-V19.9V80.0-V80.2V80.6-V80.9V81.2-V81.9V82.2-V82.9V87.9V88.9V89.1V89.3V89.9V90-X59Y40-Y86Y88),15-24,209,1593522,310
Intentional self-harm (suicide) (*U03X60-X84Y87.0),15-24,166,1593522,312
Assault (homicide) (*U01-*U02X85-Y09Y87.1),15-24,160,1593522,314
All other external causes (Y10-Y36Y87.2Y89),15-24,13,1593522,316
Tuberculosis (A16-A19),25-34,0,1414429,320
Syphilis (A50-A53),25-34,0,1414429,322
Human immunodeficiency virus (HIV) disease (B20-B24),25-34,15,1414429,324
Malignant neoplasm of stomach (C16),25-34,4,1414429,326
Malignant neoplasms of colon rectum and anus (C18-C21),25-34,8,1414429,328
Malignant neoplasm of pancreas (C25),25-34,3,1414429,330
Malignant neoplasms of trachea bronchus and lung (C33-C34),25-34,6,1414429,332
Malignant neoplasm of breast (C50),25-34,18,1414429,334
Malignant neoplasms of cervix uteri corpus uteri and ovary (C53-C56),25-34,8,1414429,336
Malignant neoplasm of prostate (C61),25-34,0,1414429,338
Malignant neoplasms of urinary tract (C64-C68),25-34,3,1414429,340
Non-Hodgkin’s lymphoma (C82-C85),25-34,9,1414429,342
Leukemia (C91-C95),25-34,17,1414429,344
Other malignant neoplasms (C00-C15C17C22-C24C26-C32C37-C49C51-C52C57-C60C62-C63C69-C81C88C90C96-C97),25-34,59,1414429,346
Diabetes mellitus (E10-E14),25-34,26,1414429,348
Alzheimer’s disease (G30),25-34,0,1414429,350
Hypertensive heart disease with or without renal disease (I11I13),25-34,17,1414429,352
Ischemic heart diseases (I20-I25),25-34,52,1414429,354
Other diseases of heart (I00-I09I26-I51),25-34,71,1414429,356
Essential (primary) hypertension and hypertensive renal disease (I10I12),25-34,3,1414429,358
Cerebrovascular diseases (I60-I69),25-34,20,1414429,360
Atherosclerosis (I70),25-34,0,1414429,362
Other diseases of circulatory system (I71-I78),25-34,4,1414429,364
Influenza and pneumonia (J09-J18),25-34,15,1414429,366
Chronic lower respiratory diseases (J40-J47),25-34,13,1414429,368
Peptic ulcer (K25-K28),25-34,2,1414429,370
Chronic liver disease and cirrhosis (K70K73-K74),25-34,18,1414429,372
Nephritis nephrotic syndrome and nephrosis (N00-N07N17-N19N25-N27),25-34,6,1414429,374
Pregnancy childbirth and the puerperium (O00-O99),25-34,13,1414429,376
Certain conditions originating in the perinatal period (P00-P96),25-34,0,1414429,378
Congenital malformations deformations and chromosomal abnormalities (Q00-Q99),25-34,20,1414429,380
Sudden infant death syndrome (R95),25-34,0,1414429,382
Symptoms signs and abnormal clinical and laboratory findings not elsewhere classified (excluding Sudden infant death syndrome) (R00-R94R96-R99),25-34,52,1414429,384
All other diseases (Residual) (A00-A09A20-A49A54-B19B25-B99D00-E07E15-G25G31-H93I80-J06J20-J39J60-K22K29-K66K71-K72K75-M99N10-N15N20-N23N28-N98U049U070U071),25-34,177,1414429,386
Motor vehicle accidents (V02-V04V09.0V09.2V12-V14V19.0-V19.2V19.4-V19.6V20-V79V80.3-V80.5V81.0-V81.1V82.0-V82.1V83-V86V87.0-V87.8V88.0-V88.8V89.0V89.2),25-34,236,1414429,388
All other and unspecified accidents and adverse effects (V01V05-V06V09.1V09.3-V09.9V10-V11V15-V18V19.3V19.8-V19.9V80.0-V80.2V80.6-V80.9V81.2-V81.9V82.2-V82.9V87.9V88.9V89.1V89.3V89.9V90-X59Y40-Y86Y88),25-34,320,1414429,390
Intentional self-harm (suicide) (*U03X60-X84Y87.0),25-34,193,1414429,392
Assault (homicide) (*U01-*U02X85-Y09Y87.1),25-34,174,1414429,394
All other external causes (Y10-Y36Y87.2Y89),25-34,7,1414429,396
Tuberculosis (A16-A19),35-44,0,1585776,400
Syphilis (A50-A53),35-44,0,1585776,402
Human immunodeficiency virus (HIV) disease (B20-B24),35-44,79,1585776,404
Malignant neoplasm of stomach (C16),35-44,11,1585776,406
Malignant neoplasms of colon rectum and anus (C18-C21),35-44,44,1585776,408
Malignant neoplasm of pancreas (C25),35-44,20,1585776,410
Malignant neoplasms of trachea bronchus and lung (C33-C34),35-44,95,1585776,412
Malignant neoplasm of breast (C50),35-44,79,1585776,414
Malignant neoplasms of cervix uteri corpus uteri and ovary (C53-C56),35-44,54,1585776,416
Malignant neoplasm of prostate (C61),35-44,1,1585776,418
Malignant neoplasms of urinary tract (C64-C68),35-44,15,1585776,420
Non-Hodgkin’s lymphoma (C82-C85),35-44,18,1585776,422
Leukemia (C91-C95),35-44,24,1585776,424
Other malignant neoplasms (C00-C15C17C22-C24C26-C32C37-C49C51-C52C57-C60C62-C63C69-C81C88C90C96-C97),35-44,156,1585776,426
Diabetes mellitus (E10-E14),35-44,80,1585776,428
Alzheimer’s disease (G30),35-44,0,1585776,430
Hypertensive heart disease with or without renal disease (I11I13),35-44,57,1585776,432
Ischemic heart diseases (I20-I25),35-44,259,1585776,434
Other diseases of heart (I00-I09I26-I51),35-44,145,1585776,436
Essential (primary) hypertension and hypertensive renal disease (I10I12),35-44,19,1585776,438
Cerebrovascular diseases (I60-I69),35-44,86,1585776,440
Atherosclerosis (I70),35-44,1,1585776,442
Other diseases of circulatory system (I71-I78),35-44,19,1585776,444
Influenza and pneumonia (J09-J18),35-44,21,1585776,446
Chronic lower respiratory diseases (J40-J47),35-44,38,1585776,448
Peptic ulcer (K25-K28),35-44,4,1585776,450
Chronic liver disease and cirrhosis (K70K73-K74),35-44,85,1585776,452
Nephritis nephrotic syndrome and nephrosis (N00-N07N17-N19N25-N27),35-44,26,1585776,454
Pregnancy childbirth and the puerperium (O00-O99),35-44,7,1585776,456
Certain conditions originating in the perinatal period (P00-P96),35-44,0,1585776,458
Congenital malformations deformations and chromosomal abnormalities (Q00-Q99),35-44,29,1585776,460
Sudden infant death syndrome (R95),35-44,0,1585776,462
Symptoms signs and abnormal clinical and laboratory findings not elsewhere classified (excluding Sudden infant death syndrome) (R00-R94R96-R99),35-44,74,1585776,464
All other diseases (Residual) (A00-A09A20-A49A54-B19B25-B99D00-E07E15-G25G31-H93I80-J06J20-J39J60-K22K29-K66K71-K72K75-M99N10-N15N20-N23N28-N98U049U070U071),35-44,411,1585776,466
Motor vehicle accidents (V02-V04V09.0V09.2V12-V14V19.0-V19.2V19.4-V19.6V20-V79V80.3-V80.5V81.0-V81.1V82.0-V82.1V83-V86V87.0-V87.8V88.0-V88.8V89.0V89.2),35-44,204,1585776,468
All other and unspecified accidents and adverse effects (V01V05-V06V09.1V09.3-V09.9V10-V11V15-V18V19.3V19.8-V19.9V80.0-V80.2V80.6-V80.9V81.2-V81.9V82.2-V82.9V87.9V88.9V89.1V89.3V89.9V90-X59Y40-Y86Y88),35-44,485,1585776,470
Intentional self-harm (suicide) (*U03X60-X84Y87.0),35-44,252,1585776,472
Assault (homicide) (*U01-*U02X85-Y09Y87.1),35-44,103,1585776,474
All other external causes (Y10-Y36Y87.2Y89),35-44,18,1585776,476
Tuberculosis (A16-A19),45-54,2,1747772,480
Syphilis (A50-A53),45-54,0,1747772,482
Human immunodeficiency virus (HIV) disease (B20-B24),45-54,73,1747772,484
Malignant neoplasm of stomach (C16),45-54,50,1747772,486
Malignant neoplasms of colon rectum and anus (C18-C21),45-54,170,1747772,488
Malignant neoplasm of pancreas (C25),45-54,121,1747772,490
Malignant neoplasms of trachea bronchus and lung (C33-C34),45-54,674,1747772,492
Malignant neoplasm of breast (C50),45-54,262,1747772,494
Malignant neoplasms of cervix uteri corpus uteri and ovary (C53-C56),45-54,134,1747772,496
Malignant neoplasm of prostate (C61),45-54,20,1747772,498
Malignant neoplasms of urinary tract (C64-C68),45-54,88,1747772,500
Non-Hodgkin’s lymphoma (C82-C85),45-54,64,1747772,502
Leukemia (C91-C95),45-54,59,1747772,504
Other malignant neoplasms (C00-C15C17C22-C24C26-C32C37-C49C51-C52C57-C60C62-C63C69-C81C88C90C96-C97),45-54,668,1747772,506
Diabetes mellitus (E10-E14),45-54,290,1747772,508
Alzheimer’s disease (G30),45-54,5,1747772,510
Hypertensive heart disease with or without renal disease (I11I13),45-54,202,1747772,512
Ischemic heart diseases (I20-I25),45-54,1089,1747772,514
Other diseases of heart (I00-I09I26-I51),45-54,350,1747772,516
Essential (primary) hypertension and hypertensive renal disease (I10I12),45-54,32,1747772,518
Cerebrovascular diseases (I60-I69),45-54,234,1747772,520
Atherosclerosis (I70),45-54,7,1747772,522
Other diseases of circulatory system (I71-I78),45-54,55,1747772,524
Influenza and pneumonia (J09-J18),45-54,51,1747772,526
Chronic lower respiratory diseases (J40-J47),45-54,233,1747772,528
Peptic ulcer (K25-K28),45-54,14,1747772,530
Chronic liver disease and cirrhosis (K70K73-K74),45-54,313,1747772,532
Nephritis nephrotic syndrome and nephrosis (N00-N07N17-N19N25-N27),45-54,90,1747772,534
Pregnancy childbirth and the puerperium (O00-O99),45-54,3,1747772,536
Certain conditions originating in the perinatal period (P00-P96),45-54,0,1747772,538
Congenital malformations deformations and chromosomal abnormalities (Q00-Q99),45-54,34,1747772,540
Sudden infant death syndrome (R95),45-54,0,1747772,542
Symptoms signs and abnormal clinical and laboratory findings not elsewhere classified (excluding Sudden infant death syndrome) (R00-R94R96-R99),45-54,118,1747772,544
All other diseases (Residual) (A00-A09A20-A49A54-B19B25-B99D00-E07E15-G25G31-H93I80-J06J20-J39J60-K22K29-K66K71-K72K75-M99N10-N15N20-N23N28-N98U049U070U071),45-54,1032,1747772,546
Motor vehicle accidents (V02-V04V09.0V09.2V12-V14V19.0-V19.2V19.4-V19.6V20-V79V80.3-V80.5V81.0-V81.1V82.0-V82.1V83-V86V87.0-V87.8V88.0-V88.8V89.0V89.2),45-54,176,1747772,548
All other and unspecified accidents and adverse effects (V01V05-V06V09.1V09.3-V09.9V10-V11V15-V18V19.3V19.8-V19.9V80.0-V80.2V80.6-V80.9V81.2-V81.9V82.2-V82.9V87.9V88.9V89.1V89.3V89.9V90-X59Y40-Y86Y88),45-54,653,1747772,550
Intentional self-harm (suicide) (*U03X60-X84Y87.0),45-54,283,1747772,552
Assault (homicide) (*U01-*U02X85-Y09Y87.1),45-54,97,1747772,554
All other external causes (Y10-Y36Y87.2Y89),45-54,27,1747772,556
Tuberculosis (A16-A19),55-64,4,1319693,560
Syphilis (A50-A53),55-64,0,1319693,562
Human immunodeficiency virus (HIV) disease (B20-B24),55-64,28,1319693,564
Malignant neoplasm of stomach (C16),55-64,58,1319693,566
Malignant neoplasms of colon rectum and anus (C18-C21),55-64,392,1319693,568
Malignant neoplasm of pancreas (C25),55-64,266,1319693,570
Malignant neoplasms of trachea bronchus and lung (C33-C34),55-64,1409,1319693,572
Malignant neoplasm of breast (C50),55-64,357,1319693,574
Malignant neoplasms of cervix uteri corpus uteri and ovary (C53-C56),55-64,222,1319693,576
Malignant neoplasm of prostate (C61),55-64,88,1319693,578
Malignant neoplasms of urinary tract (C64-C68),55-64,190,1319693,580
Non-Hodgkin’s lymphoma (C82-C85),55-64,133,1319693,582
Leukemia (C91-C95),55-64,134,1319693,584
Other malignant neoplasms (C00-C15C17C22-C24C26-C32C37-C49C51-C52C57-C60C62-C63C69-C81C88C90C96-C97),55-64,1225,1319693,586
Diabetes mellitus (E10-E14),55-64,536,1319693,588
Alzheimer’s disease (G30),55-64,29,1319693,590
Hypertensive heart disease with or without renal disease (I11I13),55-64,252,1319693,592
Ischemic heart diseases (I20-I25),55-64,2048,1319693,594
Other diseases of heart (I00-I09I26-I51),55-64,532,1319693,596
Essential (primary) hypertension and hypertensive renal disease (I10I12),55-64,85,1319693,598
Cerebrovascular diseases (I60-I69),55-64,425,1319693,600
Atherosclerosis (I70),55-64,19,1319693,602
Other diseases of circulatory system (I71-I78),55-64,102,1319693,604
Influenza and pneumonia (J09-J18),55-64,98,1319693,606
Chronic lower respiratory diseases (J40-J47),55-64,647,1319693,608
Peptic ulcer (K25-K28),55-64,14,1319693,610
Chronic liver disease and cirrhosis (K70K73-K74),55-64,300,1319693,612
Nephritis nephrotic syndrome and nephrosis (N00-N07N17-N19N25-N27),55-64,177,1319693,614
Pregnancy childbirth and the puerperium (O00-O99),55-64,1,1319693,616
Certain conditions originating in the perinatal period (P00-P96),55-64,0,1319693,618
Congenital malformations deformations and chromosomal abnormalities (Q00-Q99),55-64,35,1319693,620
Sudden infant death syndrome (R95),55-64,0,1319693,622
Symptoms signs and abnormal clinical and laboratory findings not elsewhere classified (excluding Sudden infant death syndrome) (R00-R94R96-R99),55-64,122,1319693,624
All other diseases (Residual) (A00-A09A20-A49A54-B19B25-B99D00-E07E15-G25G31-H93I80-J06J20-J39J60-K22K29-K66K71-K72K75-M99N10-N15N20-N23N28-N98U049U070U071),55-64,1684,1319693,626
Motor vehicle accidents (V02-V04V09.0V09.2V12-V14V19.0-V19.2V19.4-V19.6V20-V79V80.3-V80.5V81.0-V81.1V82.0-V82.1V83-V86V87.0-V87.8V88.0-V88.8V89.0V89.2),55-64,162,1319693,628
All other and unspecified accidents and adverse effects (V01V05-V06V09.1V09.3-V09.9V10-V11V15-V18V19.3V19.8-V19.9V80.0-V80.2V80.6-V80.9V81.2-V81.9V82.2-V82.9V87.9V88.9V89.1V89.3V89.9V90-X59Y40-Y86Y88),55-64,325,1319693,630
Intentional self-harm (suicide) (*U03X60-X84Y87.0),55-64,190,1319693,632
Assault (homicide) (*U01-*U02X85-Y09Y87.1),55-64,25,1319693,634
All other external causes (Y10-Y36Y87.2Y89),55-64,8,1319693,636
Tuberculosis (A16-A19),65-74,4,792631,640
Syphilis (A50-A53),65-74,0,792631,642
Human immunodeficiency virus (HIV) disease (B20-B24),65-74,6,792631,644
Malignant neoplasm of stomach (C16),65-74,97,792631,646
Malignant neoplasms of colon rectum and anus (C18-C21),65-74,540,792631,648
Malignant neoplasm of pancreas (C25),65-74,379,792631,650
Malignant neoplasms of trachea bronchus and lung (C33-C34),65-74,2289,792631,652
Malignant neoplasm of breast (C50),65-74,382,792631,654
Malignant neoplasms of cervix uteri corpus uteri and ovary (C53-C56),65-74,268,792631,656
Malignant neoplasm of prostate (C61),65-74,259,792631,658
Malignant neoplasms of urinary tract (C64-C68),65-74,301,792631,660
Non-Hodgkin’s lymphoma (C82-C85),65-74,225,792631,662
Leukemia (C91-C95),65-74,223,792631,664
Other malignant neoplasms (C00-C15C17C22-C24C26-C32C37-C49C51-C52C57-C60C62-C63C69-C81C88C90C96-C97),65-74,1326,792631,666
Diabetes mellitus (E10-E14),65-74,803,792631,668
Alzheimer’s disease (G30),65-74,207,792631,670
Hypertensive heart disease with or without renal disease (I11I13),65-74,265,792631,672
Ischemic heart diseases (I20-I25),65-74,2737,792631,674
Other diseases of heart (I00-I09I26-I51),65-74,789,792631,676
Essential (primary) hypertension and hypertensive renal disease (I10I12),65-74,167,792631,678
Cerebrovascular diseases (I60-I69),65-74,777,792631,680
Atherosclerosis (I70),65-74,30,792631,682
Other diseases of circulatory system (I71-I78),65-74,176,792631,684
Influenza and pneumonia (J09-J18),65-74,187,792631,686
Chronic lower respiratory diseases (J40-J47),65-74,1448,792631,688
Peptic ulcer (K25-K28),65-74,23,792631,690
Chronic liver disease and cirrhosis (K70K73-K74),65-74,203,792631,692
Nephritis nephrotic syndrome and nephrosis (N00-N07N17-N19N25-N27),65-74,291,792631,694
Pregnancy childbirth and the puerperium (O00-O99),65-74,0,792631,696
Certain conditions originating in the perinatal period (P00-P96),65-74,1,792631,698
Congenital malformations deformations and chromosomal abnormalities (Q00-Q99),65-74,12,792631,700
Sudden infant death syndrome (R95),65-74,0,792631,702
Symptoms signs and abnormal clinical and laboratory findings not elsewhere classified (excluding Sudden infant death syndrome) (R00-R94R96-R99),65-74,106,792631,704
All other diseases (Residual) (A00-A09A20-A49A54-B19B25-B99D00-E07E15-G25G31-H93I80-J06J20-J39J60-K22K29-K66K71-K72K75-M99N10-N15N20-N23N28-N98U049U070U071),65-74,2491,792631,706
Motor vehicle accidents (V02-V04V09.0V09.2V12-V14V19.0-V19.2V19.4-V19.6V20-V79V80.3-V80.5V81.0-V81.1V82.0-V82.1V83-V86V87.0-V87.8V88.0-V88.8V89.0V89.2),65-74,75,792631,708
All other and unspecified accidents and adverse effects (V01V05-V06V09.1V09.3-V09.9V10-V11V15-V18V19.3V19.8-V19.9V80.0-V80.2V80.6-V80.9V81.2-V81.9V82.2-V82.9V87.9V88.9V89.1V89.3V89.9V90-X59Y40-Y86Y88),65-74,265,792631,710
Intentional self-harm (suicide) (*U03X60-X84Y87.0),65-74,80,792631,712
Assault (homicide) (*U01-*U02X85-Y09Y87.1),65-74,18,792631,714
All other external causes (Y10-Y36Y87.2Y89),65-74,2,792631,716
Tuberculosis (A16-A19),75-84,7,556222,720
Syphilis (A50-A53),75-84,0,556222,722
Human immunodeficiency virus (HIV) disease (B20-B24),75-84,1,556222,724
Malignant neoplasm of stomach (C16),75-84,146,556222,726
Malignant neoplasms of colon rectum and anus (C18-C21),75-84,739,556222,728
Malignant neoplasm of pancreas (C25),75-84,492,556222,730
Malignant neoplasms of trachea bronchus and lung (C33-C34),75-84,2268,556222,732
Malignant neoplasm of breast (C50),75-84,409,556222,734
Malignant neoplasms of cervix uteri corpus uteri and ovary (C53-C56),75-84,282,556222,736
Malignant neoplasm of prostate (C61),75-84,492,556222,738
Malignant neoplasms of urinary tract (C64-C68),75-84,402,556222,740
Non-Hodgkin’s lymphoma (C82-C85),75-84,319,556222,742
Leukemia (C91-C95),75-84,304,556222,744
Other malignant neoplasms (C00-C15C17C22-C24C26-C32C37-C49C51-C52C57-C60C62-C63C69-C81C88C90C96-C97),75-84,1614,556222,746
Diabetes mellitus (E10-E14),75-84,1173,556222,748
Alzheimer’s disease (G30),75-84,1135,556222,750
Hypertensive heart disease with or without renal disease (I11I13),75-84,401,556222,752
Ischemic heart diseases (I20-I25),75-84,5365,556222,754
Other diseases of heart (I00-I09I26-I51),75-84,1843,556222,756
Essential (primary) hypertension and hypertensive renal disease (I10I12),75-84,365,556222,758
Cerebrovascular diseases (I60-I69),75-84,1738,556222,760
Atherosclerosis (I70),75-84,100,556222,762
Other diseases of circulatory system (I71-I78),75-84,373,556222,764
Influenza and pneumonia (J09-J18),75-84,543,556222,766
Chronic lower respiratory diseases (J40-J47),75-84,2507,556222,768
Peptic ulcer (K25-K28),75-84,46,556222,770
Chronic liver disease and cirrhosis (K70K73-K74),75-84,180,556222,772
Nephritis nephrotic syndrome and nephrosis (N00-N07N17-N19N25-N27),75-84,566,556222,774
Pregnancy childbirth and the puerperium (O00-O99),75-84,0,556222,776
Certain conditions originating in the perinatal period (P00-P96),75-84,1,556222,778
Congenital malformations deformations and chromosomal abnormalities (Q00-Q99),75-84,25,556222,780
Sudden infant death syndrome (R95),75-84,0,556222,782
Symptoms signs and abnormal clinical and laboratory findings not elsewhere classified (excluding Sudden infant death syndrome) (R00-R94R96-R99),75-84,174,556222,784
All other diseases (Residual) (A00-A09A20-A49A54-B19B25-B99D00-E07E15-G25G31-H93I80-J06J20-J39J60-K22K29-K66K71-K72K75-M99N10-N15N20-N23N28-N98U049U070U071),75-84,5318,556222,786
Motor vehicle accidents (V02-V04V09.0V09.2V12-V14V19.0-V19.2V19.4-V19.6V20-V79V80.3-V80.5V81.0-V81.1V82.0-V82.1V83-V86V87.0-V87.8V88.0-V88.8V89.0V89.2),75-84,114,556222,788
All other and unspecified accidents and adverse effects (V01V05-V06V09.1V09.3-V09.9V10-V11V15-V18V19.3V19.8-V19.9V80.0-V80.2V80.6-V80.9V81.2-V81.9V82.2-V82.9V87.9V88.9V89.1V89.3V89.9V90-X59Y40-Y86Y88),75-84,492,556222,790
Intentional self-harm (suicide) (*U03X60-X84Y87.0),75-84,71,556222,792
Assault (homicide) (*U01-*U02X85-Y09Y87.1),75-84,9,556222,794
All other external causes (Y10-Y36Y87.2Y89),75-84,5,556222,796
Tuberculosis (A16-A19),85+,3,212260,800
Syphilis (A50-A53),85+,1,212260,802
Human immunodeficiency virus (HIV) disease (B20-B24),85+,0,212260,804
Malignant neoplasm of stomach (C16),85+,78,212260,806
Malignant neoplasms of colon rectum and anus (C18-C21),85+,541,212260,808
Malignant neoplasm of pancreas (C25),85+,211,212260,810
Malignant neoplasms of trachea bronchus and lung (C33-C34),85+,699,212260,812
Malignant neoplasm of breast (C50),85+,315,212260,814
Malignant neoplasms of cervix uteri corpus uteri and ovary (C53-C56),85+,137,212260,816
Malignant neoplasm of prostate (C61),85+,372,212260,818
Malignant neoplasms of urinary tract (C64-C68),85+,258,212260,820
Non-Hodgkin’s lymphoma (C82-C85),85+,181,212260,822
Leukemia (C91-C95),85+,203,212260,824
Other malignant neoplasms (C00-C15C17C22-C24C26-C32C37-C49C51-C52C57-C60C62-C63C69-C81C88C90C96-C97),85+,826,212260,826
Diabetes mellitus (E10-E14),85+,797,212260,828
Alzheimer’s disease (G30),85+,2283,212260,830
Hypertensive heart disease with or without renal disease (I11I13),85+,709,212260,832
Ischemic heart diseases (I20-I25),85+,6830,212260,834
Other diseases of heart (I00-I09I26-I51),85+,2704,212260,836
Essential (primary) hypertension and hypertensive renal disease (I10I12),85+,540,212260,838
Cerebrovascular diseases (I60-I69),85+,2307,212260,840
Atherosclerosis (I70),85+,170,212260,842
Other diseases of circulatory system (I71-I78),85+,343,212260,844
Influenza and pneumonia (J09-J18),85+,798,212260,846
Chronic lower respiratory diseases (J40-J47),85+,1524,212260,848
Peptic ulcer (K25-K28),85+,49,212260,850
Chronic liver disease and cirrhosis (K70K73-K74),85+,51,212260,852
Nephritis nephrotic syndrome and nephrosis (N00-N07N17-N19N25-N27),85+,567,212260,854
Pregnancy childbirth and the puerperium (O00-O99),85+,0,212260,856
Certain conditions originating in the perinatal period (P00-P96),85+,0,212260,858
Congenital malformations deformations and chromosomal abnormalities (Q00-Q99),85+,15,212260,860
Sudden infant death syndrome (R95),85+,0,212260,862
Symptoms signs and abnormal clinical and laboratory findings not elsewhere classified (excluding Sudden infant death syndrome) (R00-R94R96-R99),85+,300,212260,864
All other diseases (Residual) (A00-A09A20-A49A54-B19B25-B99D00-E07E15-G25G31-H93I80-J06J20-J39J60-K22K29-K66K71-K72K75-M99N10-N15N20-N23N28-N98U049U070U071),85+,6686,212260,866
Motor vehicle accidents (V02-V04V09.0V09.2V12-V14V19.0-V19.2V19.4-V19.6V20-V79V80.3-V80.5V81.0-V81.1V82.0-V82.1V83-V86V87.0-V87.8V88.0-V88.8V89.0V89.2),85+,41,212260,868
All other and unspecified accidents and adverse effects (V01V05-V06V09.1V09.3-V09.9V10-V11V15-V18V19.3V19.8-V19.9V80.0-V80.2V80.6-V80.9V81.2-V81.9V82.2-V82.9V87.9V88.9V89.1V89.3V89.9V90-X59Y40-Y86Y88),85+,656,212260,870
Intentional self-harm (suicide) (*U03X60-X84Y87.0),85+,25,212260,872
Assault (homicide) (*U01-*U02X85-Y09Y87.1),85+,3,212260,874
All other external causes (Y10-Y36Y87.2Y89),85+,1,212260,876
Tuberculosis (A16-A19),Unk,0,0,880
Syphilis (A50-A53),Unk,0,0,882
Human immunodeficiency virus (HIV) disease (B20-B24),Unk,0,0,884
Malignant neoplasm of stomach (C16),Unk,0,0,886
Malignant neoplasms of colon rectum and anus (C18-C21),Unk,0,0,888
Malignant neoplasm of pancreas (C25),Unk,0,0,890
Malignant neoplasms of trachea bronchus and lung (C33-C34),Unk,0,0,892
Malignant neoplasm of breast (C50),Unk,0,0,894
Malignant neoplasms of cervix uteri corpus uteri and ovary (C53-C56),Unk,0,0,896
Malignant neoplasm of prostate (C61),Unk,0,0,898
Malignant neoplasms of urinary tract (C64-C68),Unk,0,0,900
Non-Hodgkin’s lymphoma (C82-C85),Unk,0,0,902
Leukemia (C91-C95),Unk,0,0,904
Other malignant neoplasms (C00-C15C17C22-C24C26-C32C37-C49C51-C52C57-C60C62-C63C69-C81C88C90C96-C97),Unk,0,0,906
Diabetes mellitus (E10-E14),Unk,0,0,908
Alzheimer’s disease (G30),Unk,0,0,910
Hypertensive heart disease with or without renal disease (I11I13),Unk,0,0,912
Ischemic heart diseases (I20-I25),Unk,0,0,914
Other diseases of heart (I00-I09I26-I51),Unk,0,0,916
Essential (primary) hypertension and hypertensive renal disease (I10I12),Unk,0,0,918
Cerebrovascular diseases (I60-I69),Unk,0,0,920
Atherosclerosis (I70),Unk,0,0,922
Other diseases of circulatory system (I71-I78),Unk,0,0,924
Influenza and pneumonia (J09-J18),Unk,0,0,926
Chronic lower respiratory diseases (J40-J47),Unk,0,0,928
Peptic ulcer (K25-K28),Unk,0,0,930
Chronic liver disease and cirrhosis (K70K73-K74),Unk,0,0,932
Nephritis nephrotic syndrome and nephrosis (N00-N07N17-N19N25-N27),Unk,0,0,934
Pregnancy childbirth and the puerperium (O00-O99),Unk,0,0,936
Certain conditions originating in the perinatal period (P00-P96),Unk,0,0,938
Congenital malformations deformations and chromosomal abnormalities (Q00-Q99),Unk,0,0,940
Sudden infant death syndrome (R95),Unk,0,0,942
Symptoms signs and abnormal clinical and laboratory findings not elsewhere classified (excluding Sudden infant death syndrome) (R00-R94R96-R99),Unk,0,0,944
All other diseases (Residual) (A00-A09A20-A49A54-B19B25-B99D00-E07E15-G25G31-H93I80-J06J20-J39J60-K22K29-K66K71-K72K75-M99N10-N15N20-N23N28-N98U049U070U071),Unk,0,0,946
Motor vehicle accidents (V02-V04V09.0V09.2V12-V14V19.0-V19.2V19.4-V19.6V20-V79V80.3-V80.5V81.0-V81.1V82.0-V82.1V83-V86V87.0-V87.8V88.0-V88.8V89.0V89.2),Unk,0,0,948
All other and unspecified accidents and adverse effects (V01V05-V06V09.1V09.3-V09.9V10-V11V15-V18V19.3V19.8-V19.9V80.0-V80.2V80.6-V80.9V81.2-V81.9V82.2-V82.9V87.9V88.9V89.1V89.3V89.9V90-X59Y40-Y86Y88),Unk,0,0,950
Intentional self-harm (suicide) (*U03X60-X84Y87.0),Unk,0,0,952
Assault (homicide) (*U01-*U02X85-Y09Y87.1),Unk,0,0,954
All other external causes (Y10-Y36Y87.2Y89),Unk,0,0,956
